Date,B8A/B1,B8A/B2,B8A/B3,B8A/B4,B8A/B5,B8A/B6,B8A/B7,B8A/B8,B8/B1,B8/B2,B8/B3,B8/B4,B8/B5,B8/B6,B8/B7,B8/B8A,B7/B1,B7/B2,B7/B3,B7/B4,B7/B5,B7/B6,B7/B8,B7/B8A,B6/B1,B6/B2,B6/B3,B6/B4,B6/B5,B6/B7,B6/B8,B6/B8A,B5/B1,B5/B2,B5/B3,B5/B4,B5/B6,B5/B7,B5/B8,B5/B8A,B4/B1,B4/B2,B4/B3,B4/B5,B4/B6,B4/B7,B4/B8,B4/B8A,B3/B1,B3/B2,B3/B4,B3/B5,B3/B6,B3/B7,B3/B8,B3/B8A,B2/B1,B2/B3,B2/B4,B2/B5,B2/B6,B2/B7,B2/B8,B2/B8A,B1/B2,B1/B3,B1/B4,B1/B5,B1/B6,B1/B7,B1/B8,B1/B8A,CHL-A
2021-12-08,0.353637902,0.299641577,0.193250116,0.238221884,0.273381295,0.718624642,0.818003914,0.780821918,0.452904681,0.383751493,0.247495762,0.305091185,0.350119904,0.92034384,1.047619048,1.280701754,0.432318105,0.366308244,0.236245955,0.291223404,0.334205363,0.878510029,0.954545455,1.222488038,0.492103779,0.416965352,0.268916628,0.33149696,0.380422934,1.138290933,1.086550436,1.391547049,1.29357022,1.096057348,0.706888581,0.871390578,2.628653295,2.992172211,2.856164384,3.657894737,1.484489566,1.257825568,0.811218986,1.147591018,3.016618911,3.433789954,3.277708593,4.197767145,1.829949239,1.550537634,1.232712766,1.414650098,3.718624642,4.232876712,4.040473225,5.174641148,1.180203046,0.644937587,0.795022796,0.91236102,2.398280802,2.729941292,2.605853051,3.337320574,0.847311828,0.546463245,0.673632219,0.773054284,2.032091691,2.313111546,2.207970112,2.827751196,10.94484412
2021-05-22,0.087497808,0.098422091,0.081429504,0.098538705,0.112084456,0.357962697,0.62925599,0.785826772,0.111344906,0.125246548,0.103622715,0.125394945,0.142632525,0.455523673,0.80075662,1.27254509,0.139049623,0.156410256,0.129406005,0.156595577,0.178122192,0.568866571,1.248818898,1.589178357,0.244432755,0.27495069,0.227480418,0.275276461,0.3131177,1.757881463,2.195275591,2.793587174,0.780641767,0.878106509,0.726501305,0.879146919,3.193687231,5.614123581,7.011023622,8.921843687,0.887953709,0.998816568,0.826370757,1.137466307,3.632711621,6.385876419,7.97480315,10.14829659,1.074522181,1.208678501,1.210110585,1.376460018,4.395982783,7.727616646,9.650393701,12.28056112,0.889005786,0.827349869,1.001184834,1.138814016,3.637015782,6.393442623,7.984251969,10.16032064,1.124852071,0.930646214,1.126184834,1.280997305,4.091104735,7.191677175,8.981102362,11.42885772,11.11270983
2022-03-28,0.564983165,0.513778322,0.325740909,0.345551895,0.344275749,0.702287946,0.720996849,0.755855856,0.747474747,0.679730557,0.430956387,0.457166392,0.455478047,0.929129464,0.953881409,1.323003576,0.783613917,0.712594407,0.451792416,0.479269632,0.477499658,0.974051339,1.048348348,1.386968613,0.804489338,0.731577873,0.463828135,0.492037342,0.490220216,1.026639931,1.076276276,1.423917362,1.641077441,1.492345377,0.946162806,1.003706755,2.039899554,2.094242337,2.195495495,2.904648391,1.635016835,1.486834048,0.942668565,0.996306935,2.032366071,2.086508164,2.187387387,2.893921335,1.734455668,1.577260665,1.060818232,1.056900561,2.155970982,2.213405901,2.32042042,3.069924513,1.0996633,0.634010612,0.672570016,0.670086172,1.366908482,1.40332283,1.471171171,1.94636472,0.909369259,0.576549761,0.611614498,0.609355765,1.243024554,1.276138642,1.337837838,1.769964243,12.21223022
2021-06-21,0.399968789,0.468641434,0.38892261,0.495457182,0.490808119,0.836215334,0.902464789,0.831602855,0.480961298,0.563539952,0.4676783,0.595785811,0.590195327,1.005546493,1.085211268,1.202497074,0.443196005,0.519290547,0.430955994,0.549004446,0.54385293,0.926590538,0.921479559,1.108076473,0.478308365,0.560431523,0.465098634,0.592499517,0.58693987,1.079225352,0.994484101,1.195864222,0.814918851,0.95483635,0.792412747,1.00947226,1.703752039,1.838732394,1.694354315,2.037456106,0.80727216,0.94587676,0.784977238,0.990616622,1.68776509,1.821478873,1.678455548,2.018337885,1.028401998,1.204973487,1.273922289,1.261968594,2.150081566,2.320422535,2.138221934,2.571205618,0.853464419,0.829893778,1.057220182,1.047299885,1.784339315,1.925704225,1.77449708,2.133827546,1.171695008,0.972382398,1.23873961,1.227116047,2.090701468,2.256338028,2.079169371,2.500195084,13.52997602
2022-04-17,0.484346225,0.575334974,0.430882654,0.54338843,0.48760139,0.844301766,0.843963097,0.893039049,0.542357274,0.644243916,0.482490272,0.608471074,0.546002317,0.945425361,0.945046129,1.119771863,0.573895028,0.681706317,0.510546795,0.643853306,0.577752028,1.000401284,1.058149406,1.184885932,0.573664825,0.681432868,0.510342003,0.643595041,0.577520278,0.999598877,1.057724958,1.184410646,0.993324125,1.179928903,0.883678067,1.114411157,1.731540931,1.73084637,1.831494058,2.050855513,0.891344383,1.058791359,0.792955151,0.897334878,1.553772071,1.553148817,1.643463497,1.840304183,1.12407919,1.335247471,1.261105372,1.131633835,1.959470305,1.958684316,2.072580645,2.32081749,0.841850829,0.748924841,0.94447314,0.847508691,1.467495987,1.466907341,1.552207131,1.738117871,1.187858901,0.889617039,1.121900826,1.006720742,1.74317817,1.742478941,1.843803056,2.064638783,13.52997602
2021-06-21,0.202507232,0.179897202,0.134156729,0.214943705,0.198863636,0.574817518,0.73255814,0.677419355,0.298939248,0.265562536,0.198040886,0.317297851,0.293560606,0.848540146,1.081395349,1.476190476,0.276438444,0.245573958,0.183134583,0.293415217,0.271464646,0.784671533,0.924731183,1.365079365,0.352298296,0.312964021,0.233390119,0.373933811,0.345959596,1.274418605,1.178494624,1.73968254,1.018322083,0.904625928,0.674616695,1.080859775,2.890510949,3.68372093,3.406451613,5.028571429,0.942140791,0.836950314,0.624148211,0.925189394,2.674270073,3.408139535,3.151612903,4.652380952,1.509482482,1.34094803,1.602183555,1.482323232,4.284671533,5.460465116,5.049462366,7.453968254,1.12568306,0.745741056,1.194814057,1.105429293,3.195255474,4.072093023,3.765591398,5.558730159,0.888349515,0.662478705,1.061412487,0.982007576,2.83850365,3.61744186,3.34516129,4.938095238,13.96642686
2022-03-28,0.325943521,0.405316705,0.293001186,0.421214188,0.449417758,0.761875386,0.848214286,0.8249833,0.395091053,0.491302921,0.355160142,0.510572988,0.544759825,0.92350401,1.028159341,1.212145749,0.384270256,0.477847063,0.345432977,0.496589359,0.529839884,0.898210981,0.97261189,1.178947368,0.427817366,0.531998687,0.384578885,0.552864939,0.589883552,1.113324176,1.082832331,1.312550607,0.725257324,0.901870692,0.651957295,0.937244202,1.695249846,1.887362637,1.835671343,2.225101215,0.77381895,0.962257959,0.695610913,1.066957787,1.808760025,2.013736264,1.958583834,2.374089069,1.112430721,1.383327863,1.437585266,1.533842795,2.600246761,2.894917582,2.815631263,3.412955466,0.804169966,0.722894425,1.039222374,1.108806405,1.879703886,2.09271978,2.035404142,2.467206478,1.243518215,0.898932384,1.292291951,1.378820961,2.337446021,2.602335165,2.531062124,3.068016194,13.97482014
2022-02-11,0.366154339,0.383724832,0.430696798,0.560264576,0.627779303,0.832544594,0.856875234,0.862368024,0.424591739,0.444966443,0.499435028,0.649681529,0.727971452,0.965416818,0.993630573,1.159597726,0.427313481,0.447818792,0.502636535,0.653846154,0.732637936,0.971605388,1.006410256,1.167031045,0.439801473,0.46090604,0.5173258,0.672954434,0.754048861,1.029224429,1.035822021,1.201136861,0.583253282,0.611241611,0.68606403,0.892454679,1.326174008,1.364930686,1.373680241,1.592916484,0.653538264,0.684899329,0.76873823,1.120505078,1.485984711,1.529411765,1.539215686,1.78487101,0.850144092,0.890939597,1.300832925,1.457589898,1.933017838,1.989509179,2.002262443,2.321818977,0.954210695,1.122410546,1.460068594,1.636014274,2.169639607,2.233046085,2.247360483,2.606034106,1.047986577,1.176271186,1.530132288,1.714520999,2.273753185,2.340202323,2.35520362,2.731088763,15.07434053
2021-06-21,0.103623839,0.1014068,0.065455921,0.116224387,0.083013436,0.350557244,0.35966736,0.491477273,0.210841569,0.206330598,0.13318199,0.236479678,0.16890595,0.713272543,0.731808732,2.034682081,0.288110213,0.281946073,0.181990163,0.323144105,0.230806142,0.974670719,1.366477273,2.780346821,0.295597484,0.289273154,0.186719637,0.331541821,0.236804223,1.025987526,1.401988636,2.852601156,1.248277928,1.221570926,0.788497919,1.400067182,4.22289767,4.332640333,5.920454545,12.04624277,0.891584307,0.872508792,0.563185774,0.71425144,3.01621074,3.094594595,4.228693182,8.604046243,1.583108715,1.549237984,1.775613033,1.268234165,5.3556231,5.494802495,7.508522727,15.27745665,1.021862833,0.645478623,1.146120255,0.818618042,3.456940223,3.546777547,4.846590909,9.861271676,0.978604924,0.631668558,1.121598925,0.801103647,3.382978723,3.470893971,4.742897727,9.650289017,39.6498801
2021-10-24,0.16653344,0.168918919,0.123079953,0.19791007,0.210579515,0.592979127,0.575506446,0.662076271,0.251532108,0.255135135,0.185899961,0.298923369,0.318059299,0.895635674,0.869244936,1.5104,0.289368505,0.293513514,0.213863726,0.343888537,0.365902965,1.030360531,1.150423729,1.7376,0.280841993,0.284864865,0.207562032,0.333755541,0.355121294,0.97053407,1.116525424,1.6864,0.790833999,0.802162162,0.58448208,0.939835339,2.815939279,2.732965009,3.144067797,4.7488,0.841460165,0.853513514,0.621898385,1.064016173,2.996204934,2.907918969,3.345338983,5.0528,1.353050893,1.372432432,1.607979734,1.710916442,4.817836812,4.67587477,5.379237288,8.1248,0.985877964,0.72863332,1.171627612,1.246630728,3.510436433,3.406998158,3.919491525,5.92,1.014324324,0.7390705,1.188410386,1.264487871,3.560721063,3.455801105,3.975635593,6.0048,40.58153477
2023-04-27,0.898743533,0.719101124,0.553482021,0.70931363,0.603174603,0.909498878,0.882224909,0.897637795,1.001231831,0.801103883,0.616598392,0.790200272,0.671957672,1.013213662,0.982829504,1.114035088,1.018723824,0.815099547,0.627370657,0.804005444,0.68369709,1.030914984,1.017470472,1.133497807,0.988174427,0.790656416,0.608557123,0.779895003,0.663194444,0.970012092,0.986958661,1.099506579,1.490022173,1.192193968,0.917614929,1.175967334,1.507853403,1.462636034,1.488188976,1.657894737,1.267060852,1.013798541,0.780306479,0.850363757,1.282223884,1.243772672,1.265501969,1.409813596,1.623798965,1.299231224,1.281547735,1.089781746,1.643231114,1.593954051,1.621801181,1.806743421,1.249815225,0.769685935,0.986389267,0.838789683,1.264771877,1.226844015,1.248277559,1.390625,0.800118273,0.615839782,0.789228077,0.671130952,1.011967091,0.981620314,0.998769685,1.112664474,41.4
2021-07-21,0.35799701,0.328983516,0.216480868,0.384738956,0.288149188,0.74533195,0.740721649,0.948514851,0.377428999,0.346840659,0.228231395,0.40562249,0.303789854,0.785788382,0.780927835,1.054279749,0.483308421,0.444139194,0.292256704,0.519410977,0.38901143,1.006224066,1.280528053,1.350034795,0.480318884,0.441391941,0.29044893,0.516198126,0.386605173,0.993814433,1.272607261,1.341684064,1.242401594,1.141712454,0.751280506,1.335207497,2.586618257,2.570618557,3.291749175,3.470424495,0.930493274,0.855082418,0.562669479,0.748947263,1.937240664,1.925257732,2.465346535,2.599164927,1.653712008,1.519688645,1.777242303,1.331060758,3.442946058,3.421649485,4.381518152,4.619345859,1.08819133,0.658029527,1.169477912,0.875877281,2.265560166,2.251546392,2.883168317,3.039665971,0.918956044,0.604700211,1.074698795,0.804892721,2.081950207,2.069072165,2.64950495,2.793319415,42.7
2021-08-15,0.830882353,0.842529078,0.696842625,1.000708466,0.814121037,0.88836478,0.779310345,0.921997389,0.901176471,0.91380853,0.755796744,1.085370174,0.882997118,0.963522013,0.845241379,1.08460177,1.066176471,1.081121384,0.894178589,1.284094934,1.044668588,1.139937107,1.183093995,1.283185841,0.935294118,0.948404414,0.784410459,1.126461211,0.916426513,0.877241379,1.037859008,1.125663717,1.020588235,1.034894125,0.855944746,1.229188806,1.091194969,0.957241379,1.132506527,1.228318584,0.830294118,0.841932598,0.696349285,0.813544669,0.887735849,0.778758621,0.921344648,0.999292035,1.192352941,1.209066508,1.436060928,1.168299712,1.274842767,1.118344828,1.32310705,1.435044248,0.986176471,0.827084361,1.187743535,0.966282421,1.054402516,0.924965517,1.094321149,1.186902655,1.014017298,0.838677849,1.20439249,0.979827089,1.06918239,0.937931034,1.109660574,1.203539823,43.88009592
2021-12-03,0.151600753,0.131482238,0.075675676,0.130153597,0.108747045,0.354235424,0.37398374,0.401496259,0.377589454,0.327480604,0.188484136,0.324171382,0.270854441,0.882288229,0.931475029,2.49068323,0.405367232,0.35157207,0.202350176,0.348019402,0.290780142,0.947194719,1.073566085,2.673913043,0.427966102,0.371171907,0.213631022,0.36742118,0.306990881,1.055749129,1.133416459,2.822981366,1.394067797,1.209064924,0.695887192,1.196847211,3.257425743,3.43902439,3.69201995,9.195652174,1.164783427,1.010208248,0.581433608,0.835528538,2.721672167,2.87340302,3.08478803,7.683229814,2.003295669,1.737443855,1.719886823,1.437014522,4.680968097,4.941927991,5.305486284,13.21428571,1.153013183,0.575558167,0.989894907,0.827085444,2.694169417,2.844367015,3.05361596,7.605590062,0.867292773,0.499177438,0.858528698,0.717325228,2.336633663,2.466898955,2.648379052,6.596273292,44.11510791
2021-07-26,0.604366347,0.490916955,0.401912181,0.580265849,0.476490344,0.790665273,0.813328556,0.877464244,0.688764643,0.559472318,0.458038244,0.661298569,0.543031066,0.901079763,0.926907918,1.139647577,0.743077742,0.603589965,0.494157224,0.713445808,0.585852225,0.972135145,1.078855818,1.229515419,0.764376997,0.620891003,0.50832153,0.733895706,0.602644836,1.028663561,1.109779668,1.264757709,1.268370607,1.030276817,0.843484419,1.217791411,1.659352142,1.706915084,1.841515269,2.098678414,1.041533546,0.846020761,0.692634561,0.82115869,1.362591432,1.401648155,1.512176266,1.723348018,1.50372737,1.221453287,1.443762781,1.185558354,1.967258795,2.023647438,2.183223811,2.488105727,1.231096912,0.818696884,1.18200409,0.97061293,1.610588645,1.656753852,1.787398531,2.037004405,0.812283737,0.665014164,0.960122699,0.788413098,1.308254963,1.34575421,1.451874758,1.654625551,44.6
2021-10-29,0.225710015,0.262228654,0.176161773,0.28154133,0.29141203,0.664222874,0.678651685,0.730645161,0.308918784,0.358900145,0.241104414,0.385332505,0.398842071,0.909090909,0.928838951,1.368653422,0.332585949,0.386396527,0.259576123,0.414853947,0.42939852,0.978739003,1.076612903,1.473509934,0.339810663,0.394790159,0.265214855,0.423865755,0.438726279,1.021722846,1.1,1.505518764,0.774539113,0.899855282,0.604510986,0.96612803,2.279325513,2.328838951,2.507258065,3.431567329,0.801694071,0.931403763,0.625704842,1.035059505,2.359237537,2.410486891,2.59516129,3.55187638,1.281265571,1.488567294,1.598197638,1.654229656,3.770527859,3.852434457,4.147580645,5.676600442,0.860737419,0.671786895,1.073648229,1.111289804,2.532991202,2.588014981,2.786290323,3.813465784,1.161794501,0.78047832,1.247358608,1.291090383,2.942815249,3.006741573,3.237096774,4.430463576,45.29016787
2021-09-24,0.866779725,0.699726194,0.460921844,0.490562013,0.424785299,0.720664264,0.684421961,0.814159292,1.064631619,0.859446304,0.566132265,0.602538125,0.52174716,0.885163716,0.840648713,1.22826087,1.26644055,1.022360815,0.673446894,0.716753759,0.620648259,1.052953157,1.189557522,1.461086957,1.202751083,0.970946152,0.639579158,0.680708116,0.589435774,0.949709865,1.129734513,1.387608696,2.040512531,1.64724673,1.08507014,1.154846966,1.696537678,1.611218569,1.916637168,2.354130435,1.766911626,1.426376635,0.939579158,0.865915597,1.469058436,1.395179289,1.659646018,2.038478261,1.880535142,1.518101612,1.064306281,0.921599409,1.563528122,1.484898081,1.766371681,2.169565217,1.238741285,0.658717435,0.701077104,0.607073599,1.029923234,0.978128255,1.163539823,1.429130435,0.807271068,0.531763527,0.565959262,0.490072952,0.831427229,0.789614641,0.939292035,1.153695652,45.40767386
2023-10-29,0.363823227,0.37850842,0.25164386,0.347484663,0.317133259,0.673644148,0.655859194,0.781888459,0.465313464,0.484095162,0.321841123,0.444417178,0.405599104,0.861560419,0.838814266,1.278954802,0.554727646,0.577118418,0.383685801,0.529815951,0.483538634,1.027117031,1.192159028,1.524717514,0.54008222,0.56188185,0.373556069,0.515828221,0.470772676,0.973598888,1.160684705,1.484463277,1.147225077,1.193531141,0.793495646,1.095705521,2.12416746,2.068087077,2.46548868,3.153248588,1.047019527,1.089280941,0.724186956,0.912653975,1.938629876,1.887447893,2.250138045,2.877824859,1.445786228,1.504143277,1.380858896,1.260246361,2.67697431,2.606299213,3.107123136,3.973870056,0.961202467,0.664830283,0.91803681,0.837849944,1.779733587,1.732746642,2.065709553,2.641949153,1.040363539,0.691665186,0.955092025,0.871668533,1.851569933,1.802686429,2.149088901,2.748587571,45.59232614
2021-07-26,0.60510392,0.500653026,0.395324854,0.58974359,0.458898643,0.809574094,0.78071962,0.858208955,0.705077611,0.583369613,0.460639395,0.687179487,0.53471668,0.943329813,0.909708079,1.165217391,0.775059195,0.641271223,0.506359574,0.755384615,0.587789306,1.036958817,1.099253731,1.280869565,0.747434886,0.618415324,0.488312135,0.728461538,0.566839585,0.964358452,1.060074627,1.235217391,1.318600368,1.090988246,0.861464421,1.285128205,1.764167547,1.701289885,1.870149254,2.179130435,1.026045777,0.848933391,0.670333448,0.778132482,1.372756072,1.323828921,1.455223881,1.695652174,1.530649829,1.26643448,1.491794872,1.160814046,2.047870468,1.974881195,2.170895522,2.529565217,1.208629308,0.789618426,1.177948718,0.91660016,1.617036255,1.55940258,1.714179104,1.997391304,0.827383544,0.653317291,0.974615385,0.758379888,1.337909187,1.290224033,1.418283582,1.652608696,45.9
2022-06-01,0.295240519,0.341880342,0.271853761,0.35495716,0.291677144,0.716491662,0.820948337,0.832735104,0.354543141,0.410551135,0.32645887,0.42625459,0.350264018,0.860407659,0.985845718,1.200862069,0.359633495,0.416445623,0.331146004,0.432374541,0.355292934,0.872760964,1.014357502,1.218103448,0.412064138,0.477158856,0.379423483,0.495410037,0.407090772,1.145789101,1.16223977,1.395689655,1.012216849,1.172119069,0.93203656,1.216952264,2.456454602,2.81457891,2.854989232,3.428448276,0.831763808,0.963159446,0.765877666,0.821724918,2.018529957,2.312809625,2.346015793,2.817241379,1.086026979,1.257589154,1.305691554,1.072919286,2.635577517,3.019815994,3.063173008,3.678448276,0.863578519,0.795172252,1.038249694,0.853155645,2.09573811,2.401273885,2.435750179,2.925,1.157972296,0.920787438,1.202264382,0.987930601,2.426806671,2.780608634,2.820531228,3.387068966,46.06235012
2021-08-20,0.567907897,0.661844864,0.605485232,0.878164117,0.750951475,0.886051081,0.871858603,0.980130394,0.579420759,0.675262055,0.617759877,0.89596662,0.766175071,0.904013472,0.889533278,1.020272411,0.651376147,0.759119497,0.69447641,1.007232267,0.86132255,1.016278417,1.124185036,1.146974976,0.640942616,0.746960168,0.683352512,0.991098748,0.847526166,0.983982325,1.106178206,1.128603104,0.756251124,0.881341719,0.806290756,1.169401947,1.179904575,1.161005247,1.305184725,1.331643966,0.646699047,0.753668763,0.689489835,0.855137964,1.008981196,0.992819663,1.116113008,1.138739309,0.937938478,1.093081761,1.450347705,1.240247383,1.463373562,1.43993372,1.61875194,1.651567944,0.858067998,0.914844649,1.326842837,1.134633682,1.338759472,1.317315659,1.480906551,1.510928096,1.165408805,1.066168009,1.546314325,1.322312084,1.560202077,1.535211268,1.725861534,1.760848907,46.76738609
2022-11-08,0.455087271,0.506555047,0.489543581,0.669240401,0.685402864,0.852019129,0.844614169,0.907470289,0.501489996,0.558205655,0.539459624,0.737479132,0.755289592,0.938894793,0.930734791,1.101964453,0.538810841,0.599747275,0.579606167,0.79236227,0.811498183,1.008767269,1.074419921,1.18397256,0.534127998,0.594534829,0.574568768,0.785475793,0.804445394,0.991308928,1.06508206,1.173682569,0.663970484,0.73906176,0.7142421,0.976419032,1.243092455,1.232288649,1.323995473,1.458995946,0.680005676,0.756910441,0.731491375,1.024150459,1.273113709,1.262048986,1.355970572,1.494231369,0.929615439,1.034749645,1.367070117,1.400085488,1.740435707,1.725309455,1.853706848,2.042719052,0.898396481,0.966417341,1.321160267,1.353066895,1.681987248,1.667368976,1.791454443,1.974119114,1.113094298,1.075713632,1.47057596,1.506091045,1.872210414,1.855938899,1.994057725,2.19738073,50.96402878
2021-06-21,0.388024718,0.342873282,0.255220743,0.360237389,0.292953668,0.709664848,0.716929134,0.742659054,0.52248029,0.461683299,0.343658024,0.485064293,0.394465894,0.955572876,0.965354331,1.346512905,0.541231622,0.478252683,0.355991591,0.502472799,0.408622909,0.989867498,1.03588907,1.394838001,0.546771788,0.483148183,0.359635599,0.507616222,0.412805663,1.01023622,1.046492659,1.40911587,1.32452589,1.170401054,0.871198318,1.229673591,2.422447389,2.447244094,2.535073409,3.413509061,1.07713616,0.951798155,0.708479327,0.813223938,1.969992206,1.99015748,2.061582382,2.775947282,1.520349457,1.343438147,1.411473788,1.147844273,2.780592362,2.809055118,2.909869494,3.918176826,1.131685489,0.744358795,1.050642928,0.854407979,2.069758379,2.090944882,2.165986949,2.916529379,0.883637733,0.657743518,0.928387735,0.75498713,1.828916602,1.847637795,1.913947798,2.577155409,51.63549161
2021-06-21,0.237669377,0.219304826,0.150506264,0.233182664,0.190156114,0.578877888,0.690007868,0.760624458,0.312466125,0.288322081,0.197871975,0.306567402,0.25,0.761056106,0.907159717,1.314709236,0.344444444,0.317829457,0.218122533,0.337942037,0.275585429,0.838943894,1.102341717,1.449258837,0.410569106,0.378844711,0.259996568,0.402818399,0.328490893,1.191974823,1.313963573,1.727480046,1.249864499,1.153288322,0.791487901,1.226269609,3.044224422,3.628638867,4,5.258836944,1.019241192,0.940485121,0.645443625,0.815481353,2.482508251,2.959087333,3.261925412,4.288483466,1.579132791,1.457114279,1.549321989,1.263443192,3.84620462,4.584579072,5.053772767,6.644241733,1.083739837,0.68628797,1.063281042,0.867085863,2.63960396,3.146341463,3.468343452,4.55986317,0.922730683,0.633258967,0.981122042,0.80008673,2.435643564,2.903225806,3.200346921,4.207525656,52.10551559
2021-07-26,0.643636364,0.538648813,0.424256951,0.588952972,0.479848184,0.807727411,0.785735425,0.906452714,0.710060606,0.594238182,0.468040908,0.649733807,0.529369239,0.891086097,0.866824504,1.103201507,0.819151515,0.685534591,0.539948865,0.749556344,0.61069944,1.027989048,1.153636053,1.272693032,0.796848485,0.666869548,0.525247683,0.729148181,0.594071932,0.97277301,1.122226016,1.238041431,1.341333333,1.122540069,0.88414829,1.227373558,1.68329784,1.637466706,1.889040628,2.083992467,1.092848485,0.914587137,0.720357942,0.814747876,1.37146334,1.334122521,1.53909184,1.697928437,1.517090909,1.269628728,1.388198758,1.13103199,1.903863706,1.852027227,2.136565381,2.357062147,1.194909091,0.787631831,1.09338953,0.890836797,1.499543657,1.458715596,1.682826903,1.856497175,0.836883749,0.65915628,0.915039929,0.745526839,1.254943718,1.220775377,1.408330488,1.553672316,52.5
2022-04-17,0.360549313,0.433894231,0.3001455,0.501040944,0.456240126,0.813521127,0.985665529,0.893564356,0.40349563,0.485576923,0.335896903,0.560721721,0.510584518,0.910422535,1.103071672,1.119113573,0.365792759,0.440204327,0.304510497,0.50832755,0.462875197,0.825352113,0.906559406,1.014542936,0.443196005,0.533353365,0.368946165,0.615891742,0.560821485,1.211604096,1.098391089,1.229224377,0.790262172,0.951021635,0.657867387,1.098195697,1.783098592,2.160409556,1.958539604,2.191828255,0.719600499,0.865985577,0.599043858,0.910584518,1.623661972,1.967235495,1.783415842,1.995844875,1.201248439,1.445612981,1.669326856,1.520063191,2.710422535,3.283959044,2.97710396,3.331717452,0.830961298,0.691748077,1.154753643,1.05150079,1.874929577,2.271672355,2.059405941,2.304709141,1.203425481,0.832467263,1.389659958,1.265402844,2.256338028,2.733788396,2.478341584,2.773545706,52.54196643
2021-09-24,0.567352003,0.517542441,0.356498496,0.424535809,0.363460883,0.677173683,0.651669381,0.805688397,0.704182914,0.64236055,0.442476891,0.526923077,0.451118429,0.840490798,0.808835505,1.241174633,0.870613258,0.794179466,0.547054238,0.651458886,0.557738163,1.039136873,1.236345331,1.534520462,0.837823467,0.764268391,0.526450607,0.626923077,0.536732145,0.962337134,1.189781022,1.476726023,1.560971287,1.42392886,0.980844192,1.168037135,1.863126719,1.792956026,2.216712811,2.75132771,1.33640553,1.219078416,0.839737164,0.856137164,1.595092025,1.535016287,1.897810219,2.355513902,1.59145693,1.451738076,1.190848806,1.019529919,1.899513433,1.827972313,2.260005034,2.805060918,1.096242467,0.688829491,0.820291777,0.702282275,1.308440872,1.259161238,1.556758117,1.932208685,0.912206952,0.628355051,0.748275862,0.640626774,1.19356886,1.148615635,1.420085578,1.762574196,53.21342926
2021-06-21,0.644772331,0.626097674,0.460509915,0.590783544,0.470642733,0.81721295,0.790046656,0.955111633,0.675075361,0.655523032,0.482152975,0.618549208,0.492762015,0.85562035,0.827177294,1.046998031,0.816119308,0.792481898,0.582889518,0.747783108,0.595715113,1.034385683,1.20893067,1.265748031,0.78898937,0.766137729,0.563512748,0.722924844,0.575911986,0.966757387,1.168742656,1.22367126,1.369982548,1.330303497,0.978470255,1.255269661,1.736376433,1.678654743,2.029377203,2.124753937,1.091385055,1.059775073,0.779490085,0.796641575,1.383269656,1.337286159,1.616686251,1.692667323,1.400126924,1.359574796,1.282889955,1.022003474,1.774582747,1.71559098,2.074030552,2.171505906,1.029827066,0.735524079,0.943596453,0.751708164,1.305248341,1.261858476,1.525499412,1.597194882,0.97103682,0.714220963,0.916266899,0.729936306,1.267444199,1.225311042,1.481316099,1.550935039,53.31414868
2021-06-21,0.232988166,0.219003476,0.157762938,0.234607746,0.20326952,0.608499678,0.704697987,0.776499589,0.30004931,0.282039397,0.203171953,0.302135055,0.261776726,0.783644559,0.907531693,1.287830688,0.330621302,0.310776362,0.223873122,0.332919563,0.288449129,0.863490019,1.101889893,1.419047619,0.382889546,0.3599073,0.259265442,0.385551142,0.334050333,1.158090977,1.276088743,1.643386243,1.146203156,1.077404403,0.776126878,1.154170804,2.99356085,3.466815809,3.820049302,4.91957672,0.993096647,0.933487833,0.67245409,0.866422887,2.593689633,3.003728561,3.309778143,4.262433862,1.476824458,1.388180765,1.487090367,1.288449129,3.857050869,4.466815809,4.921939195,6.338624339,1.063856016,0.720367279,1.071251241,0.928156593,2.778493239,3.217747949,3.545603944,4.566137566,0.939976825,0.677128548,1.006951341,0.872445687,2.611719253,3.024608501,3.332785538,4.292063492,54.55635492
2021-07-26,0.677749361,0.525689347,0.431034483,0.593904079,0.475848447,0.808913309,0.781480389,0.870279146,0.778772379,0.604046816,0.495283019,0.682429404,0.5467768,0.929487179,0.897965202,1.149056604,0.867263427,0.672683991,0.551561483,0.759973106,0.608906446,1.035103785,1.1136289,1.279622642,0.837851662,0.649871057,0.532856213,0.73419991,0.588256419,0.9660867,1.075862069,1.236226415,1.424296675,1.104741123,0.905823032,1.248095025,1.69993895,1.64228841,1.828899836,2.101509434,1.141176471,0.885141837,0.725764476,0.801221045,1.362026862,1.315836037,1.465353038,1.683773585,1.572378517,1.219599286,1.377857463,1.103968396,1.876678877,1.813034503,2.019047619,2.32,1.289258312,0.819941444,1.129762438,0.905189442,1.538766789,1.486582129,1.655500821,1.902264151,0.775639754,0.63597918,0.87628866,0.702100916,1.193528694,1.153052197,1.28407225,1.475471698,54.8
2022-10-24,0.109408259,0.131794872,0.067667193,0.109923011,0.08753406,0.332901554,0.348238482,0.379056047,0.288633461,0.347692308,0.178515008,0.289991446,0.230926431,0.878238342,0.918699187,2.638132296,0.314176245,0.378461538,0.194312796,0.315654405,0.251362398,0.955958549,1.088495575,2.871595331,0.32865049,0.395897436,0.203264876,0.330196749,0.262942779,1.046070461,1.138643068,3.003891051,1.249893572,1.505641026,0.773038441,1.255774166,3.803108808,3.978319783,4.330383481,11.42412451,0.995317156,1.198974359,0.615587151,0.796321526,3.028497409,3.16802168,3.448377581,9.097276265,1.616858238,1.947692308,1.624465355,1.29359673,4.919689119,5.146341463,5.601769912,14.77821012,0.830140485,0.51342812,0.834046193,0.664168937,2.525906736,2.642276423,2.876106195,7.587548638,1.204615385,0.618483412,1.004704876,0.80006812,3.042746114,3.182926829,3.46460177,9.140077821,56.03357314
2021-08-20,0.615534563,0.644224733,0.524801841,0.710207612,0.617107637,0.841878589,0.810624013,0.934015927,0.659019343,0.689736347,0.561876758,0.760380623,0.660703548,0.901353568,0.867890995,1.070645554,0.759334233,0.79472693,0.647404756,0.876124567,0.761274805,1.038556194,1.15221843,1.23361754,0.7311441,0.76522285,0.623369982,0.843598616,0.733012628,0.962875197,1.109442548,1.187819732,0.997450892,1.043942247,0.850421887,1.150865052,1.364232978,1.313586098,1.513538111,1.62046285,0.866696656,0.907093534,0.738941447,0.868911606,1.185397867,1.141390205,1.31513083,1.408038977,1.172889489,1.227558067,1.353287197,1.175886951,1.604183757,1.544628752,1.779749716,1.905481121,0.955465587,0.814625415,1.102422145,0.957907396,1.30680886,1.258293839,1.449829352,1.55225335,1.046610169,0.852595244,1.153806228,1.002555622,1.367719442,1.316943128,1.517406143,1.624604141,56.20143885
2022-06-21,0.575391871,0.567053999,0.514576355,0.650564617,0.585049365,0.860223973,0.858621403,0.926720286,0.620890553,0.61189337,0.555266096,0.702007528,0.631311707,0.928245541,0.926516249,1.079074253,0.670134554,0.660423787,0.599305297,0.757685069,0.681382228,1.001866445,1.079311886,1.164657666,0.668886115,0.659193438,0.59818881,0.756273526,0.680112835,0.998137032,1.077301162,1.162487946,0.983492856,0.969241285,0.879543481,1.111982434,1.470344255,1.467605051,1.584003575,1.709257473,0.884449993,0.87163363,0.790968862,0.899294781,1.322272916,1.319809563,1.424486148,1.537126326,1.118185601,1.101982228,1.264272271,1.136953456,1.671712982,1.668598634,1.800938338,1.943346191,1.014703842,0.907455651,1.147271016,1.031734838,1.517005392,1.514179259,1.634271671,1.763500482,0.985509228,0.894305917,1.130646173,1.016784203,1.495022812,1.492237632,1.610589812,1.737945998,56.30215827
2022-11-23,0.593162393,0.573012503,0.458734655,0.569786535,0.486188951,0.815374287,0.835856848,0.929938744,0.637851038,0.616183062,0.493295562,0.612714051,0.522818255,0.876804297,0.898830007,1.075339646,0.70964591,0.685539042,0.548819641,0.681679568,0.581665332,0.975495133,1.112557427,1.19637711,0.727472527,0.702760085,0.562606232,0.698803659,0.596277022,1.02512044,1.14050536,1.22643063,1.22002442,1.178579854,0.943531634,1.17194464,1.677072843,1.719201652,1.912710567,2.056813503,1.041025641,1.005661713,0.80509915,0.853282626,1.43101712,1.4669649,1.632082695,1.755043228,1.293040293,1.249115357,1.24208304,1.059847878,1.777442095,1.822092223,2.027182236,2.179909428,1.035164835,0.800566572,0.994370162,0.848478783,1.422960725,1.458706125,1.622894334,1.745162618,0.966029724,0.773371105,0.960591133,0.819655725,1.374622356,1.409153476,1.567764165,1.685878963,57.04076739
2022-11-23,0.648206751,0.664144826,0.511550468,0.644805876,0.508271299,0.797534069,0.846127367,0.893168605,0.725738397,0.743582815,0.572736733,0.721930745,0.569065343,0.892926671,0.947332186,1.119609439,0.766086498,0.784922994,0.604578564,0.762067156,0.60070306,0.94256976,1.05559593,1.181855167,0.812763713,0.832747906,0.641415193,0.808499475,0.637303557,1.060929432,1.119912791,1.253864931,1.275316456,1.306673872,1.006451613,1.268625393,1.569110967,1.664716007,1.757267442,1.967453214,1.005274262,1.029991894,0.793340271,0.788254756,1.236859182,1.31222031,1.385174419,1.550854353,1.26714135,1.298297757,1.260493179,0.993589744,1.559052563,1.65404475,1.746002907,1.954841334,0.97600211,0.770239334,0.970881427,0.765301902,1.200843608,1.274010327,1.344840116,1.505695688,1.024587949,0.78917794,0.99475341,0.784119107,1.23036989,1.305335628,1.377906977,1.542717657,104.8489209
2022-09-19,0.922178988,0.784768212,0.500117233,0.867073171,0.451524132,0.781891496,0.702800659,0.826103796,1.116299179,0.949963208,0.605392732,1.049593496,0.546570703,0.946480938,0.850741351,1.210501641,1.312148725,1.116629875,0.711606096,1.233739837,0.642464014,1.112536657,1.175445391,1.422878575,1.179420666,1.003679176,0.639624853,1.108943089,0.577476715,0.898846787,1.056545314,1.278949836,2.042369217,1.738042678,1.107620164,1.920325203,1.731671554,1.556507414,1.829589466,2.21472105,1.063553826,0.905077263,0.576787808,0.520745131,0.901759531,0.810543657,0.952749806,1.153305204,1.843925638,1.569168506,1.733739837,0.902836579,1.563416422,1.405271829,1.651820294,1.999531177,1.175097276,0.637280188,1.104878049,0.575359865,0.996334311,0.895551895,1.052672347,1.274261603,0.850993377,0.542321219,0.940243902,0.489627434,0.8478739,0.762108731,0.895817196,1.084388186,105.2853717
2021-07-21,0.751932847,0.626772233,0.457281032,0.599506869,0.428445563,0.743393754,0.727039727,0.831054688,0.904793461,0.754188915,0.550241805,0.721380768,0.515544368,0.894518454,0.874839812,1.203290247,1.03423901,0.862088013,0.628962923,0.824586122,0.589301447,1.022493994,1.143066406,1.375440658,1.011486636,0.843122813,0.615126276,0.806445932,0.576337319,0.978000854,1.117919922,1.345182139,1.755025403,1.462898177,1.067302526,1.399260303,1.735094999,1.696924391,1.939697266,2.334018801,1.254252264,1.045479654,0.762761956,0.71466331,1.240008736,1.212729603,1.386230469,1.668037603,1.644356086,1.370649972,1.311025009,0.936941473,1.625682463,1.589918838,1.817382813,2.186839013,1.199690744,0.72958087,0.956498767,0.683574575,1.186066827,1.15997437,1.325927734,1.595475911,0.83354815,0.608140785,0.797287777,0.569792322,0.988643809,0.96689449,1.105224609,1.329905993,106.7
2022-10-19,0.407640638,0.327708404,0.239693903,0.34815346,0.227294007,0.533516484,0.53765227,0.654312668,0.623005877,0.500843739,0.366329301,0.532090355,0.347378277,0.815384615,0.821705426,1.528321318,0.758186398,0.609517381,0.445815848,0.647543923,0.422752809,0.992307692,1.216981132,1.859938208,0.764063812,0.614242322,0.449271785,0.652563643,0.426029963,1.007751938,1.226415094,1.874356334,1.793450882,1.441781978,1.054554431,1.531731804,2.347252747,2.365448505,2.878706199,4.399588054,1.170864819,0.941275734,0.688471982,0.652855805,1.532417582,1.544296788,1.879380054,2.872296601,1.700671704,1.36719541,1.452491933,0.94826779,2.225824176,2.243078627,2.729784367,4.171987642,1.243912678,0.73142434,1.062387953,0.693586142,1.628021978,1.640642303,1.996630728,3.051493306,0.803914951,0.588002962,0.854069559,0.55758427,1.308791209,1.318936877,1.605121294,2.453141092,108.2398082
2023-04-27,1.115172614,0.941695247,0.791598023,1.005493068,0.701331874,0.937789705,0.904896422,0.920498084,1.211488251,1.023027927,0.859967051,1.092335862,0.761904762,1.01878507,0.983050847,1.086368366,1.232375979,1.04066634,0.874794069,1.111169239,0.775041051,1.036350329,1.017241379,1.105098855,1.189149985,1.004164625,0.844110379,1.072194612,0.747856231,0.96492467,0.981561303,1.066337149,1.590078329,1.342724155,1.128706755,1.433690819,1.337155404,1.290254237,1.3125,1.425858481,1.10908036,0.93655071,0.787273476,0.697500456,0.932666504,0.899952919,0.915469349,0.994536941,1.408761242,1.189612935,1.270206644,0.885969714,1.18467919,1.143126177,1.162835249,1.26326743,1.184218161,0.840609555,1.067747842,0.744754607,0.995852647,0.960922787,0.977490421,1.061914672,0.844439,0.709843493,0.90164792,0.628899836,0.840936814,0.811440678,0.825431034,0.896722164,119.4
2021-07-16,1.031542632,0.890511984,0.732159515,1.009485531,0.662132237,0.845998383,0.782527418,0.911056297,1.132249055,0.977450007,0.80363806,1.108038585,0.726774228,0.928590676,0.85892323,1.097627011,1.318219156,1.137994611,0.935634328,1.290032154,0.846145734,1.081110213,1.164248404,1.277910495,1.219319862,1.05261665,0.865438433,1.193247588,0.782663714,0.924975075,1.076900754,1.182035356,1.557910301,1.344915615,1.105760261,1.524598071,1.277687955,1.181829511,1.375943122,1.510272336,1.021849844,0.882144377,0.725279851,0.655910577,0.838049043,0.775174477,0.902495647,0.990603599,1.408904222,1.216281379,1.378778135,0.904355162,1.155483697,1.068793619,1.244341265,1.365822583,1.158370297,0.822178172,1.133601286,0.743541073,0.950013473,0.878738784,1.023070226,1.122949514,0.863281804,0.709771455,0.978617363,0.641885479,0.820129345,0.758599202,0.883197911,0.969421882,120.3
2022-10-19,0.655248134,0.492246783,0.338321995,0.50303439,0.326834611,0.704770902,0.672072072,0.765913758,0.855511638,0.642692181,0.441723356,0.656776804,0.426725082,0.920170052,0.877477477,1.305630027,0.974967062,0.732431541,0.503401361,0.748482805,0.486308872,1.048653755,1.13963039,1.487935657,0.929732104,0.698449357,0.480045351,0.7137559,0.463745893,0.953603604,1.086755647,1.418900804,2.004830918,1.506103596,1.035147392,1.539109912,2.15635333,2.056306306,2.343429158,3.059651475,1.302591129,0.978554932,0.672562358,0.649726177,1.401039206,1.336036036,1.522587269,1.987935657,1.936758893,1.454965358,1.486850978,0.966046002,2.083136514,1.986486486,2.26386037,2.955764075,1.331137462,0.687301587,1.021915037,0.663964951,1.431743033,1.365315315,1.555954825,2.03150134,0.751237215,0.516326531,0.767700607,0.498795181,1.075578649,1.025675676,1.16889117,1.52613941,121.4676259
2021-07-26,0.691604938,0.534950344,0.372870075,0.572801636,0.35437753,0.650487692,0.622306154,0.78109314,0.885432099,0.68487395,0.477369542,0.733333333,0.453694332,0.832791454,0.796711842,1.280257051,1.111358025,0.859625668,0.599174654,0.920449898,0.569458502,1.045285648,1.255158951,1.606926098,1.063209877,0.822383499,0.573216187,0.880572597,0.544787449,0.956676294,1.200780814,1.537308104,1.951604938,1.509549274,1.052183174,1.616359918,1.835578263,1.75605421,2.204127161,2.82184934,1.207407407,0.933919022,0.650958466,0.618674089,1.13562471,1.086425239,1.363636364,1.74580507,1.854814815,1.434682964,1.536196319,0.950404858,1.744542499,1.668962453,2.094813162,2.681899322,1.292839506,0.697018104,1.070756646,0.662449393,1.215977706,1.163297045,1.460122699,1.869332381,0.773491215,0.53913738,0.828220859,0.512398785,0.940548072,0.899800044,1.12939208,1.445912174,126.2
2022-10-24,0.658109209,0.790504161,0.413678279,0.622590594,0.390379502,0.782840524,0.802683897,0.921277809,0.714343928,0.858051884,0.449026639,0.675790285,0.423737007,0.849733398,0.871272366,1.085448916,0.819885901,0.984826236,0.515368852,0.775636083,0.48634276,0.97527872,1.14774672,1.245820433,0.840668297,1.009789525,0.528432377,0.795296839,0.498670534,1.025347913,1.176839703,1.277399381,1.685819071,2.024963289,1.059682377,1.594834233,2.005332041,2.056163022,2.359954364,2.561609907,1.057049715,1.269701419,0.664446721,0.627024414,1.257392147,1.289264414,1.479749002,1.60619195,1.590872046,1.910915321,1.505011565,0.943678994,1.892389724,1.940357853,2.227039361,2.417337461,0.832518337,0.523309426,0.787586739,0.493836113,0.990305381,1.015407555,1.16543069,1.26501548,1.201174743,0.628586066,0.946029298,0.593183466,1.189529811,1.219681909,1.39988591,1.519504644,126.235012
2022-07-26,0.469265158,0.516928286,0.393925179,0.564158549,0.37784027,0.714073129,0.746112839,0.863274223,0.543587594,0.598799631,0.456315234,0.653510245,0.43768279,0.827168367,0.864282541,1.15838047,0.628946633,0.692828563,0.527969978,0.756130333,0.506411699,0.957057823,1.157029041,1.340279845,0.657166806,0.723915051,0.551659435,0.790057104,0.529133858,1.044868947,1.208943716,1.400416791,1.24196703,1.368113266,1.042570658,1.493113873,1.889880952,1.974677921,2.284759702,2.646621018,0.831796591,0.916281933,0.698252609,0.669741282,1.265731293,1.322523323,1.530197893,1.772551355,1.19125454,1.312249923,1.432146456,0.959167604,1.812712585,1.89404709,2.191467489,2.538553141,0.907795474,0.762049959,1.091367148,0.730933633,1.381377551,1.443358507,1.67000771,1.934504317,1.101569714,0.839451155,1.202216997,0.805174353,1.521683673,1.589960018,1.839629915,2.130991366,130.2302158
2023-04-27,1.163873371,0.993904055,0.806798623,1.015434606,0.727872671,0.962278676,0.942211055,0.942684766,1.234636872,1.054333422,0.855851979,1.07717303,0.772127329,1.020785219,0.999497487,1.0608,1.235257604,1.054863504,0.856282272,1.077714595,0.772515528,1.021298435,1.000502765,1.061333333,1.209497207,1.032865094,0.838425129,1.055239643,0.75640528,0.979145729,0.979638009,1.0392,1.599006828,1.365491651,1.108433735,1.395071757,1.322042597,1.294472362,1.295123177,1.373866667,1.146182495,0.978796713,0.794535284,0.716809006,0.94765204,0.927889447,0.928355958,0.9848,1.442582247,1.231910946,1.258597346,0.902173913,1.192712343,1.167839196,1.168426345,1.239466667,1.171011794,0.811746988,1.021662605,0.732336957,0.968180652,0.94798995,0.948466566,1.006133333,0.853962364,0.693201377,0.872461413,0.625388199,0.826789838,0.809547739,0.809954751,0.8592,139.8
2022-11-08,0.422775473,0.3932247,0.350848106,0.51993952,0.523401826,0.769941226,0.79233871,0.836678832,0.505301982,0.469982847,0.419334269,0.621432621,0.625570776,0.920235097,0.947004608,1.195201745,0.533579222,0.496283591,0.442800663,0.656208656,0.660578387,0.971732438,1.055961071,1.262086514,0.549100968,0.510720412,0.455681673,0.675297675,0.679794521,1.029089862,1.086678832,1.298800436,0.807745505,0.751286449,0.670322663,0.993384993,1.471032746,1.513824885,1.598540146,1.910577972,0.813124328,0.756289308,0.674786379,1.006659056,1.480828435,1.52390553,1.609184915,1.923300618,1.205009989,1.120783305,1.481950482,1.491818874,2.194514414,2.258352535,2.38473236,2.850236278,1.075149839,0.892233134,1.322245322,1.331050228,1.958018472,2.014976959,2.127737226,2.543075245,0.930102916,0.829868639,1.22982423,1.238013699,1.82115869,1.874135945,1.979014599,2.365321701,143.9952038
2022-11-23,0.628498728,0.641373341,0.466331026,0.635324378,0.475304682,0.767610497,0.861627907,0.9,0.69833192,0.712637046,0.518145584,0.705915976,0.528116314,0.852900552,0.957364341,1.111111111,0.729431722,0.744373918,0.541220894,0.73735353,0.551635664,0.890883978,1.044534413,1.160593792,0.818772971,0.835545297,0.607509964,0.827665047,0.619200342,1.12248062,1.172469636,1.30274404,1.32230704,1.349394114,0.981120201,1.336667619,1.614986188,1.812790698,1.893522267,2.10391363,0.989256432,1.009521062,0.734004615,0.748129143,1.208218232,1.35620155,1.41659919,1.5739991,1.347752332,1.375360646,1.362389254,1.019243105,1.646063536,1.847674419,1.929959514,2.14439946,0.979926491,0.727082022,0.990568734,0.741073338,1.196823204,1.343410853,1.403238866,1.559154296,1.020484709,0.741976086,1.010860246,0.756254009,1.221339779,1.370930233,1.431983806,1.591093117,144.4652278
2021-08-15,1.276400367,1.039900249,0.748787933,1.123686338,0.703916273,0.887234043,0.800845016,0.945792697,1.349556168,1.099501247,0.791704076,1.188089464,0.744260635,0.938085106,0.846744767,1.057314149,1.593816957,1.298503741,0.934997307,1.403125842,0.878966914,1.10787234,1.180993423,1.248681055,1.438628711,1.172069825,0.843957623,1.266504985,0.793382849,0.902631074,1.066001361,1.127098321,1.813284359,1.477306733,1.063745735,1.59633522,1.260425532,1.137699251,1.343615332,1.420623501,1.1359045,0.925436409,0.666367391,0.626434841,0.789574468,0.71269445,0.841687457,0.889928058,1.704621977,1.388778055,1.500673673,0.940074274,1.184893617,1.069521798,1.263098208,1.335491607,1.227425773,0.720057461,1.080571275,0.676907495,0.853191489,0.77011715,0.909503289,0.961630695,0.814713217,0.58664033,0.880355699,0.551485483,0.695106383,0.627424621,0.74098435,0.783453237,144.498801
2022-11-23,0.744847193,0.74839324,0.574456422,0.738028169,0.51583265,0.794340576,0.84312148,0.8718802,0.854299929,0.858367055,0.65887082,0.846478873,0.591632486,0.911066195,0.967015286,1.146946565,0.883439943,0.887645799,0.681344783,0.875352113,0.611812961,0.942142496,1.034109817,1.186068702,0.93769249,0.942156629,0.723186552,0.929107981,0.649384742,1.061410566,1.097615086,1.258905852,1.443970623,1.450845037,1.113648821,1.430751174,1.539919151,1.634486457,1.690238491,1.938613232,1.009239517,1.014044275,0.778366527,0.698933552,1.076301162,1.142397426,1.181364393,1.354961832,1.296612177,1.302785051,1.284741784,0.897949139,1.382769075,1.467685707,1.517748197,1.740776081,0.995261786,0.767586333,0.986150235,0.689253486,1.061394644,1.126575489,1.165002773,1.336195929,1.004760771,0.771240636,0.99084507,0.692534865,1.066447701,1.131938858,1.170549085,1.342557252,146.1103118
